"","Desengagement","Impatient behavior","Leave the activity"
"1",0,0,0
"2",0,0,0
"3",0,0,0
"4",0,0,0
"5",0,0,0
"6",0,0,0
"7",0,0,0
"8",0,0,0
"9",0,0,0
"10",0,0,0
"11",0,0,0
"12",0,0,0
"13",0,0,0
"14",0,0,0
"15",0,0,0
"16",0,0,0
"17",0,0,0
"18",0,0,0
"19",0,0,0
"20",0,0,0
"21",0,0,0
"22",0,0,0
"23",0,0,0
"24",0,0,0
"25",0,0,0
"26",0,0,0
"27",0,0,0
"28",0,0,0
"29",0,0,0
"30",0,0,0
"31",0,0,0
"32",0,0,0
"33",0,0,0
"34",0,0,0
"35",0,0,0
"36",0,0,0
"37",0,0,0
"38",0,0,0
"39",0,0,0
"40",0,0,0
"41",0,0,0
"42",0,0,0
"43",0,0,0
"44",0,0,0
"45",0,0,0
"46",0,0,0
"47",0,0,0
"48",0,0,0
"49",0,0,0
"50",0,0,0
"51",0,0,0
"52",0,0,0
"53",0,0,0
"54",0,0,0
"55",0,0,0
"56",0,0,0
"57",0,0,0
"58",0,0,0
"59",0,0,0
"60",0,0,0
"61",0,0,0
"62",0,0,0
"63",0,0,0
"64",0,0,0
"65",0,0,0
"66",0,0,0
"67",0,0,0
"68",0,0,0
"69",0,0,0
"70",0,0,0
"71",0,0,0
"72",0,0,0
"73",0,0,0
"74",0,0,0
"75",0,0,0
"76",0,0,0
"77",0,0,0
"78",0,0,0
"79",0,0,0
"80",0,0,0
"81",1,0,0
"82",1,0,0
"83",1,0,0
"84",1,0,0
"85",1,0,0
"86",1,0,0
"87",1,0,0
"88",1,0,0
"89",1,0,0
"90",1,0,0
"91",1,0,0
"92",1,0,0
"93",1,0,0
"94",1,0,0
"95",0,0,0
"96",0,0,0
"97",0,0,0
"98",0,0,0
"99",0,0,0
"100",0,0,0
"101",0,0,0
"102",0,0,0
"103",1,0,0
"104",1,0,0
"105",1,0,0
"106",1,0,0
"107",1,0,0
"108",1,0,0
"109",1,0,0
"110",1,0,0
"111",1,0,0
"112",1,0,0
"113",1,0,0
"114",1,0,0
"115",1,0,0
"116",1,0,0
"117",1,0,0
"118",1,0,0
"119",1,0,0
"120",1,0,0
"121",1,0,0
"122",1,0,0
"123",1,0,0
"124",1,0,0
"125",0,0,0
"126",0,0,0
"127",0,0,0
"128",0,0,0
"129",0,0,0
"130",0,0,0
"131",0,0,0
"132",0,0,0
"133",0,0,0
"134",0,0,0
"135",0,0,0
"136",0,0,0
"137",0,0,0
"138",0,0,0
"139",0,0,0
"140",0,0,0
"141",0,0,0
"142",0,0,0
"143",0,0,0
"144",0,0,0
"145",0,0,0
"146",0,0,0
"147",0,0,0
"148",0,0,0
"149",0,0,0
"150",0,0,0
"151",0,0,0
"152",0,0,0
"153",0,0,0
"154",0,0,0
"155",0,0,0
"156",0,0,0
"157",0,0,0
"158",0,0,0
"159",0,0,0
"160",0,0,0
"161",0,0,0
"162",0,0,0
"163",0,0,0
"164",0,0,0
"165",0,0,0
"166",0,0,0
"167",0,0,0
"168",0,0,0
"169",0,0,0
"170",0,0,0
"171",0,0,0
"172",0,0,0
"173",0,0,0
"174",0,0,0
"175",0,0,0
"176",0,0,0
"177",0,0,0
"178",0,0,0
"179",0,0,0
"180",0,0,0
"181",0,0,0
"182",0,0,0
"183",0,0,0
"184",0,0,0
"185",0,0,0
"186",0,0,0
"187",0,0,0
"188",0,0,0
"189",0,0,0
"190",0,0,0
"191",0,0,0
"192",0,0,0
"193",0,0,0
"194",0,0,0
"195",0,0,0
"196",0,0,0
"197",0,0,0
"198",0,0,0
"199",0,0,0
"200",0,0,0
"201",0,0,0
"202",1,0,0
"203",1,0,0
"204",1,0,0
"205",1,0,0
"206",1,0,0
"207",1,0,0
"208",1,0,0
"209",1,0,0
"210",1,0,0
"211",1,0,0
"212",1,0,0
"213",1,0,0
"214",1,0,0
"215",1,0,0
"216",1,0,0
"217",1,0,0
"218",1,0,0
"219",1,0,0
"220",1,0,0
"221",1,0,0
"222",1,0,0
"223",1,0,0
"224",1,0,0
"225",1,0,0
"226",0,0,0
"227",0,0,0
"228",0,0,0
"229",0,0,0
"230",0,0,0
"231",0,0,0
"232",0,0,0
"233",0,0,0
"234",0,0,0
"235",0,0,0
"236",0,0,0
"237",0,0,0
"238",0,0,0
"239",0,0,0
"240",0,0,0
"241",0,0,0
"242",0,0,0
"243",0,0,0
"244",0,0,0
"245",0,0,0
"246",0,0,0
"247",0,0,0
"248",0,0,0
"249",0,0,0
"250",0,0,0
"251",0,0,0
"252",0,0,0
"253",0,0,0
"254",0,0,0
"255",0,0,0
"256",0,0,0
"257",0,0,0
"258",0,0,0
"259",0,0,0
"260",0,0,0
"261",0,0,0
"262",0,0,0
"263",0,0,0
"264",0,0,0
"265",0,0,0
"266",0,0,0
"267",0,0,0
"268",0,0,0
"269",0,0,0
"270",1,0,0
"271",1,0,0
"272",1,0,0
"273",1,0,0
"274",1,0,0
"275",1,0,0
"276",1,0,0
"277",1,0,0
"278",1,0,0
"279",1,0,0
"280",1,0,0
"281",1,0,0
"282",1,0,0
"283",1,0,0
"284",1,0,0
"285",1,0,0
"286",1,0,0
"287",1,0,0
"288",1,0,0
"289",1,0,0
"290",1,0,0
"291",1,0,0
"292",1,0,0
"293",0,0,0
"294",0,0,0
"295",0,0,0
"296",0,0,0
"297",0,0,0
"298",0,0,0
"299",0,0,0
"300",0,0,0
"301",1,0,0
"302",1,0,0
"303",1,0,0
"304",1,0,0
"305",1,0,0
"306",1,0,0
"307",1,0,0
"308",1,0,0
"309",1,0,0
"310",1,0,0
"311",0,0,0
"312",0,0,0
"313",0,0,0
"314",0,0,0
"315",0,0,0
"316",0,0,0
"317",0,0,0
"318",0,0,0
"319",0,0,0
"320",0,0,0
"321",0,0,0
"322",0,0,0
"323",0,0,0
"324",0,0,0
"325",0,0,0
"326",0,0,0
"327",0,0,0
"328",0,0,0
"329",1,0,0
"330",1,0,0
"331",1,0,0
"332",1,0,0
"333",1,0,0
"334",1,0,0
"335",1,0,0
"336",1,0,0
"337",1,0,0
"338",1,0,0
"339",1,0,0
"340",1,0,0
"341",1,0,0
"342",1,0,0
"343",1,0,0
"344",1,0,0
"345",1,0,0
"346",1,0,0
"347",1,0,0
"348",1,0,0
"349",1,0,0
"350",1,0,0
"351",1,0,0
"352",1,0,0
"353",1,0,0
"354",1,0,0
"355",1,0,0
"356",1,0,0
"357",1,0,0
"358",1,0,0
"359",1,0,0
"360",1,0,0
"361",1,0,0
"362",1,0,0
"363",1,0,0
"364",1,0,0
"365",1,0,0
"366",1,0,0
"367",1,0,0
"368",0,0,0
"369",0,0,0
"370",0,0,0
"371",0,0,0
"372",0,0,0
"373",0,0,0
"374",0,0,0
"375",0,0,0
"376",0,0,0
"377",0,0,0
"378",0,0,0
"379",0,0,0
"380",0,0,0
"381",0,0,0
"382",0,0,0
"383",0,0,0
"384",0,0,0
"385",0,0,0
"386",0,0,0
"387",0,0,0
"388",0,0,0
"389",0,0,0
"390",0,0,0
"391",0,0,0
"392",0,0,0
"393",0,0,0
"394",0,0,0
"395",0,0,0
"396",0,0,0
"397",0,0,0
"398",0,0,0
"399",0,0,0
"400",0,0,0
"401",0,0,0
"402",0,0,0
"403",0,0,0
"404",0,0,0
"405",0,0,0
"406",0,0,0
"407",0,0,0
"408",0,0,0
"409",0,0,0
"410",0,0,0
"411",0,0,0
"412",0,0,0
"413",0,0,0
"414",0,0,0
"415",0,0,0
"416",0,0,0
"417",0,0,0
"418",0,0,0
"419",0,0,0
"420",0,0,0
"421",0,0,0
"422",0,0,0
"423",0,0,0
"424",0,0,0
"425",0,0,0
"426",0,0,0
"427",0,0,0
"428",0,0,0
"429",0,0,0
"430",0,0,0
"431",0,0,0
"432",0,0,0
"433",0,0,0
"434",0,0,0
"435",0,0,0
"436",0,0,0
"437",0,0,0
"438",0,0,0
"439",0,0,0
"440",0,0,0
"441",0,0,0
"442",0,0,0
"443",0,0,0
"444",0,0,0
"445",0,0,0
"446",0,0,0
"447",0,0,0
"448",0,0,0
"449",0,0,0
"450",0,0,0
"451",0,0,0
"452",0,0,0
"453",0,0,0
"454",0,0,0
"455",0,0,0
"456",0,0,0
"457",0,0,0
"458",0,0,0
"459",0,0,0
"460",0,0,0
"461",0,0,0
"462",0,0,0
"463",0,0,0
"464",0,0,0
"465",0,0,0
"466",0,0,0
"467",0,0,0
"468",0,0,0
"469",0,0,0
"470",0,0,0
"471",0,0,0
"472",0,0,0
"473",0,0,0
"474",0,0,0
"475",0,0,0
"476",0,0,0
"477",0,0,0
"478",0,0,0
"479",0,0,0
"480",0,0,0
"481",0,0,0
"482",0,0,0
"483",0,0,0
"484",0,0,0
"485",0,0,0
"486",0,0,0
"487",0,0,0
"488",0,0,0
"489",0,0,0
"490",0,0,0
"491",0,0,0
"492",0,0,0
"493",0,0,0
"494",0,0,0
"495",0,0,0
"496",0,0,0
"497",0,0,0
"498",0,0,0
"499",0,0,0
"500",0,0,0
"501",0,0,0
"502",0,0,0
"503",0,0,0
"504",0,0,0
"505",0,0,0
"506",0,0,0
"507",0,0,0
"508",0,0,0
"509",0,0,0
"510",0,0,0
"511",0,0,0
"512",0,0,0
"513",0,0,0
"514",0,0,0
"515",0,0,0
"516",0,0,0
"517",0,0,0
"518",0,0,0
"519",0,0,0
"520",0,0,0
"521",0,0,0
"522",0,0,0
"523",0,0,0
"524",0,0,0
"525",1,0,0
"526",1,0,0
"527",1,0,0
"528",1,0,0
"529",1,0,0
"530",1,0,0
"531",1,0,0
"532",1,0,0
"533",1,0,0
"534",1,0,0
"535",1,0,0
"536",1,0,0
"537",1,0,0
"538",1,0,0
"539",1,0,0
"540",1,0,0
"541",1,0,0
"542",1,0,0
"543",1,0,0
"544",1,0,0
"545",1,0,0
"546",1,0,0
"547",1,0,0
"548",1,0,0
"549",1,0,0
"550",1,0,0
"551",1,0,0
"552",1,0,0
"553",1,0,0
"554",1,0,0
"555",1,0,0
"556",1,0,0
"557",1,0,0
"558",1,0,0
"559",1,0,0
"560",1,0,0
"561",1,0,0
"562",1,0,0
"563",1,0,0
"564",1,0,0
"565",1,0,0
"566",1,0,0
"567",1,0,0
"568",1,0,0
"569",1,0,0
"570",1,0,0
"571",1,0,0
"572",0,0,0
"573",0,0,0
"574",0,0,0
"575",0,0,0
"576",0,0,0
"577",0,0,0
"578",0,0,0
"579",0,0,0
"580",0,0,0
"581",0,0,0
"582",0,0,0
"583",0,0,0
"584",0,0,0
"585",0,0,0
"586",0,0,0
"587",0,0,0
"588",0,0,0
"589",0,0,0
"590",0,0,0
"591",0,0,0
"592",0,0,0
"593",0,0,0
"594",0,0,0
"595",0,0,0
"596",0,0,0
"597",0,0,0
"598",0,0,0
"599",0,0,0
"600",0,0,0
"601",0,0,0
"602",0,0,0
"603",0,0,0
"604",0,0,0
"605",0,0,0
"606",0,0,0
"607",0,0,0
"608",0,0,0
"609",0,0,0
"610",0,0,0
"611",0,0,0
"612",0,0,0
"613",0,0,0
"614",0,0,0
"615",0,0,0
"616",0,0,0
"617",0,0,0
"618",0,0,0
"619",0,0,0
"620",1,0,0
"621",1,0,0
"622",1,0,0
"623",1,0,0
"624",1,0,0
"625",1,0,0
"626",1,0,0
"627",1,0,0
"628",1,0,0
"629",1,0,0
"630",1,0,0
"631",1,0,0
"632",1,0,0
"633",1,0,0
"634",1,0,0
"635",1,0,0
"636",1,0,0
"637",1,0,0
"638",1,0,0
"639",1,0,0
"640",1,0,0
"641",1,0,0
"642",1,0,0
"643",1,0,0
"644",0,0,0
"645",0,0,0
"646",0,0,0
"647",0,0,0
"648",0,0,0
"649",0,0,0
"650",0,0,0
"651",0,0,0
"652",0,0,0
"653",0,0,0
"654",0,0,0
"655",0,0,0
"656",0,0,0
"657",0,0,0
"658",0,0,0
"659",0,0,0
"660",0,0,0
"661",0,0,0
"662",0,0,0
"663",0,0,0
"664",0,0,0
"665",0,0,0
"666",0,0,0
"667",0,0,0
"668",0,0,0
"669",0,0,0
"670",0,0,0
"671",0,0,0
"672",0,0,0
"673",0,0,0
"674",0,0,0
"675",0,0,0
"676",0,0,0
"677",0,0,0
"678",0,0,0
"679",0,0,0
"680",0,0,0
"681",0,0,0
"682",0,0,0
"683",0,0,0
"684",0,0,0
"685",0,0,0
"686",0,0,0
"687",0,0,0
"688",0,0,0
"689",0,0,0
"690",0,0,0
"691",0,0,0
"692",0,0,0
"693",0,0,0
"694",0,0,0
"695",0,0,0
"696",0,0,0
"697",0,0,0
"698",0,0,0
"699",0,0,0
"700",0,0,0
"701",0,0,0
"702",0,0,0
"703",1,0,0
"704",1,0,0
"705",1,0,0
"706",1,0,0
"707",1,0,0
"708",1,0,0
"709",1,0,0
"710",1,0,0
"711",1,0,0
"712",1,0,0
"713",1,0,0
"714",1,0,0
"715",1,0,0
"716",1,0,0
"717",1,0,0
"718",1,0,0
"719",1,0,0
"720",1,0,0
"721",1,0,0
"722",1,0,0
"723",1,0,0
"724",1,0,0
"725",1,0,0
"726",1,0,0
"727",1,0,0
"728",0,0,0
"729",0,0,0
"730",0,0,0
"731",0,0,0
"732",0,0,0
"733",0,0,0
"734",0,0,0
"735",0,0,0
"736",0,0,0
"737",0,0,0
"738",0,0,0
"739",0,0,0
"740",0,0,0
"741",0,0,0
"742",0,0,0
"743",0,0,0
"744",0,0,0
"745",0,0,0
"746",0,0,0
"747",0,0,0
"748",0,0,0
"749",0,0,0
"750",0,0,0
"751",0,0,0
"752",0,0,0
"753",0,0,0
"754",0,0,0
"755",0,0,0
"756",0,0,0
"757",0,0,0
"758",0,0,0
"759",0,0,0
"760",0,0,0
"761",0,0,0
"762",0,0,0
"763",0,0,0
"764",0,0,0
"765",0,0,0
"766",0,0,0
"767",0,0,0
"768",0,0,0
"769",0,0,0
"770",0,0,0
"771",0,0,0
"772",0,0,0
"773",0,0,0
"774",0,0,0
"775",0,0,0
"776",0,0,0
"777",0,0,0
"778",0,0,0
"779",0,0,0
"780",0,0,0
"781",0,0,0
"782",0,0,0
"783",0,0,0
"784",0,0,0
"785",0,0,0
"786",0,0,0
"787",0,0,0
"788",0,0,0
"789",0,0,0
"790",0,0,0
"791",0,0,0
"792",0,0,0
"793",0,0,0
"794",0,0,0
"795",0,0,0
"796",0,0,0
"797",0,0,0
"798",0,0,0
"799",0,0,0
"800",0,0,0
"801",0,0,0
"802",0,0,0
"803",0,0,0
"804",0,0,0
"805",0,0,0
"806",0,0,0
"807",0,0,0
"808",0,0,0
"809",0,0,0
"810",0,0,0
"811",0,0,0
"812",0,0,0
"813",0,0,0
"814",0,0,0
"815",0,0,0
"816",0,0,0
"817",0,0,0
"818",0,0,0
"819",0,0,0
"820",0,0,0
"821",0,0,0
"822",0,0,0
"823",0,0,0
"824",0,0,0
"825",0,0,0
"826",0,0,0
"827",0,0,0
"828",0,0,0
"829",0,0,0
"830",0,0,0
"831",0,0,0
"832",0,0,0
"833",0,0,0
"834",0,0,0
"835",0,0,0
"836",0,0,0
"837",0,0,0
"838",0,0,0
"839",0,0,0
"840",0,0,0
"841",0,0,0
"842",0,0,0
"843",0,0,0
"844",0,0,0
"845",0,0,0
"846",0,0,0
"847",0,0,0
"848",0,0,0
"849",0,0,0
"850",0,0,0
"851",0,0,0
"852",0,0,0
"853",0,0,0
"854",0,0,0
"855",0,0,0
"856",0,0,0
"857",0,0,0
"858",0,0,0
"859",0,0,0
"860",0,0,0
"861",0,0,0
"862",0,0,0
"863",0,0,0
"864",0,0,0
"865",0,0,0
"866",0,0,0
"867",0,0,0
"868",0,0,0
"869",0,0,0
"870",0,0,0
"871",0,0,0
"872",0,0,0
"873",0,0,0
"874",0,0,0
"875",0,0,0
"876",0,0,0
"877",0,0,0
"878",0,0,0
"879",0,0,0
"880",0,0,0
"881",0,0,0
"882",0,0,0
"883",0,0,0
"884",0,0,0
"885",0,0,0
"886",0,0,0
"887",0,0,0
"888",0,0,0
"889",0,0,0
"890",0,0,0
"891",0,0,0
"892",0,0,0
"893",0,0,0
"894",0,0,0
"895",0,0,0
"896",0,0,0
"897",0,0,0
"898",0,0,0
"899",0,0,0
"900",0,0,0
"901",0,0,0
"902",0,0,0
"903",0,0,0
"904",0,0,0
"905",0,0,0
"906",0,0,0
"907",0,0,0
"908",0,0,0
"909",0,0,0
"910",0,0,0
"911",0,0,0
"912",0,0,0
"913",0,0,0
"914",0,0,0
"915",0,0,0
"916",0,0,0
"917",0,0,0
"918",0,0,0
"919",0,0,0
"920",0,0,0
"921",0,0,0
"922",0,0,0
"923",0,0,0
"924",0,0,0
"925",0,0,0
"926",0,0,0
"927",0,0,0
"928",0,0,0
"929",0,0,0
"930",0,0,0
"931",0,0,0
"932",0,0,0
"933",0,0,0
"934",0,0,0
"935",0,0,0
"936",0,0,0
"937",0,0,0
"938",0,0,0
"939",0,0,0
"940",0,0,0
"941",0,0,0
"942",0,0,0
"943",0,0,0
"944",0,0,0
"945",0,0,0
"946",0,0,0
"947",0,0,0
"948",0,0,0
"949",0,0,0
"950",0,0,0
"951",0,0,0
"952",0,0,0
"953",0,0,0
"954",0,0,0
"955",0,0,0
"956",0,0,0
"957",0,0,0
"958",0,0,0
"959",0,0,0
"960",0,0,0
"961",0,0,0
"962",0,0,0
"963",0,0,0
"964",0,0,0
"965",0,0,0
"966",0,0,0
"967",0,0,0
"968",0,0,0
"969",0,0,0
"970",0,0,0
"971",0,0,0
"972",0,0,0
"973",0,0,0
"974",0,0,0
"975",0,0,0
"976",0,0,0
"977",0,0,0
"978",0,0,0
"979",0,0,0
"980",0,0,0
"981",0,0,0
"982",0,0,0
"983",0,0,0
"984",0,0,0
"985",0,0,0
"986",0,0,0
"987",0,0,0
"988",0,0,0
"989",0,0,0
"990",0,0,0
"991",0,0,0
"992",0,0,0
"993",0,0,0
"994",0,0,0
"995",0,0,0
"996",0,0,0
"997",0,0,0
"998",0,0,0
"999",0,0,0
"1000",0,0,0
"1001",0,0,0
"1002",0,0,0
"1003",0,0,0
"1004",0,0,0
"1005",0,0,0
"1006",0,0,0
"1007",0,0,0
"1008",0,0,0
"1009",0,0,0
"1010",0,0,0
"1011",0,0,0
"1012",0,0,0
"1013",0,0,0
"1014",0,0,0
"1015",0,0,0
"1016",0,0,0
"1017",0,0,0
"1018",0,0,0
"1019",0,0,0
"1020",0,0,0
"1021",0,0,0
"1022",0,0,0
"1023",0,0,0
"1024",0,0,0
"1025",0,0,0
"1026",0,0,0
"1027",0,0,0
"1028",0,0,0
"1029",0,0,0
"1030",0,0,0
"1031",0,0,0
"1032",0,0,0
"1033",0,0,0
"1034",0,0,0
"1035",0,0,0
"1036",0,0,0
"1037",0,0,0
"1038",0,0,0
"1039",0,0,0
"1040",0,0,0
"1041",0,0,0
"1042",0,0,0
"1043",0,0,0
"1044",0,0,0
"1045",0,0,0
"1046",0,0,0
"1047",0,0,0
"1048",0,0,0
"1049",0,0,0
"1050",0,0,0
"1051",0,0,0
"1052",0,0,0
"1053",0,0,0
"1054",0,0,0
"1055",0,0,0
"1056",0,0,0
"1057",0,0,0
"1058",0,0,0
"1059",0,0,0
"1060",0,0,0
"1061",0,0,0
"1062",0,0,0
"1063",0,0,0
"1064",0,0,0
"1065",0,0,0
"1066",0,0,0
"1067",0,0,0
"1068",0,0,0
"1069",0,0,0
"1070",0,0,0
"1071",0,0,0
"1072",0,0,0
"1073",0,0,0
"1074",0,0,0
"1075",0,0,0
"1076",0,0,0
"1077",0,0,0
"1078",0,0,0
"1079",0,0,0
"1080",0,0,0
"1081",0,0,0
"1082",0,0,0
"1083",0,0,0
"1084",0,0,0
"1085",0,0,0
"1086",0,0,0
"1087",0,0,0
"1088",0,0,0
"1089",0,0,0
"1090",0,0,0
"1091",0,0,0
"1092",0,0,0
"1093",0,0,0
"1094",0,0,0
"1095",0,0,0
"1096",0,0,0
"1097",0,0,0
"1098",0,0,0
"1099",0,0,0
"1100",0,0,0
"1101",0,0,0
"1102",0,0,0
"1103",0,0,0
"1104",0,0,0
"1105",0,0,0
"1106",0,0,0
"1107",0,0,0
"1108",0,0,0
"1109",0,0,0
"1110",0,0,0
"1111",0,0,0
"1112",0,0,0
"1113",0,0,0
"1114",0,0,0
"1115",0,0,0
"1116",0,0,0
"1117",0,0,0
"1118",0,0,0
"1119",0,0,0
"1120",0,0,0
"1121",0,0,0
"1122",0,0,0
"1123",0,0,0
"1124",0,0,0
"1125",0,0,0
"1126",0,0,0
"1127",0,0,0
"1128",0,0,0
"1129",0,0,0
"1130",0,0,0
"1131",0,0,0
"1132",0,0,0
"1133",0,0,0
"1134",0,0,0
"1135",0,0,0
"1136",0,0,0
"1137",0,0,0
"1138",0,0,0
"1139",0,0,0
"1140",0,0,0
"1141",0,0,0
"1142",0,0,0
"1143",0,0,0
"1144",0,0,0
"1145",0,0,0
"1146",0,0,0
"1147",0,0,0
"1148",0,0,0
"1149",0,0,0
"1150",0,0,0
"1151",0,0,0
"1152",0,0,0
"1153",0,0,0
"1154",0,0,0
"1155",0,0,0
"1156",0,0,0
"1157",0,0,0
"1158",0,1,0
"1159",0,1,0
"1160",0,1,0
"1161",0,1,0
"1162",0,1,0
"1163",0,1,0
"1164",0,1,0
"1165",0,1,0
"1166",0,1,0
"1167",0,1,0
"1168",0,1,0
"1169",0,1,0
"1170",0,1,0
"1171",0,1,0
"1172",0,1,0
"1173",0,1,0
"1174",0,1,0
"1175",0,1,0
"1176",0,1,0
"1177",0,1,0
"1178",0,0,0
"1179",0,0,0
"1180",0,0,0
"1181",0,0,0
"1182",0,0,0
"1183",0,0,0
"1184",0,0,0
"1185",0,0,0
"1186",0,0,1
"1187",0,0,1
"1188",0,0,1
"1189",0,0,1
"1190",0,0,1
"1191",0,0,1
"1192",0,0,1
"1193",0,0,1
"1194",0,0,1
"1195",0,0,1
"1196",0,0,1
"1197",0,0,1
"1198",0,0,1
"1199",0,0,1
"1200",0,0,1
"1201",0,0,1
"1202",0,0,1
"1203",0,0,1
"1204",0,0,1
"1205",0,0,1
"1206",0,0,1
"1207",0,0,1
"1208",0,0,1
"1209",0,0,1
"1210",0,0,1
"1211",0,0,1
"1212",0,0,1
"1213",0,0,1
"1214",0,0,1
"1215",0,0,1
"1216",0,0,1
"1217",0,0,1
"1218",0,0,1
"1219",0,0,1
"1220",0,0,1
"1221",0,0,1
"1222",0,0,1
"1223",0,0,1
"1224",0,0,1
"1225",0,0,1
"1226",0,0,1
"1227",0,0,1
"1228",0,0,1
"1229",0,0,1
"1230",0,0,1
"1231",0,0,1
"1232",0,0,1
"1233",0,0,1
"1234",0,0,1
"1235",0,0,1
"1236",0,0,1
"1237",0,0,1
"1238",0,0,1
"1239",0,0,1
"1240",0,0,1
"1241",0,0,1
"1242",0,0,1
"1243",0,0,1
"1244",0,0,1
"1245",0,0,1
"1246",0,0,1
"1247",0,0,1
"1248",0,0,1
"1249",0,0,1
"1250",0,0,1
"1251",0,0,1
"1252",0,0,1
"1253",0,0,1
"1254",0,0,1
"1255",0,0,1
"1256",0,0,1
"1257",0,0,1
"1258",0,0,1
"1259",0,0,1
"1260",0,0,1
"1261",0,0,1
"1262",0,0,1
"1263",0,0,1
"1264",0,0,1
"1265",0,0,1
"1266",0,0,1
"1267",0,0,1
"1268",0,0,1
"1269",0,0,1
"1270",0,0,1
"1271",0,0,1
"1272",0,0,1
"1273",0,0,1
"1274",0,0,1
"1275",0,0,1
"1276",0,0,1
"1277",0,0,1
"1278",0,0,1
"1279",0,0,1
"1280",0,0,1
"1281",0,0,1
"1282",0,0,1
"1283",0,0,1
"1284",0,0,1
"1285",0,0,1
"1286",0,0,1
"1287",0,0,1
"1288",0,0,1
"1289",0,0,1
"1290",0,0,1
"1291",0,0,1
"1292",0,0,1
"1293",0,0,1
"1294",0,0,1
"1295",0,0,1
"1296",0,0,1
"1297",0,0,1
"1298",0,0,1
"1299",0,0,1
"1300",0,0,1
"1301",0,0,1
"1302",0,0,1
"1303",0,0,1
"1304",0,0,1
"1305",0,0,1
"1306",0,0,1
"1307",0,0,1
"1308",0,0,1
"1309",0,0,1
"1310",0,0,1
"1311",0,0,1
"1312",0,0,1
"1313",0,0,1
"1314",0,0,1
"1315",0,0,1
"1316",0,0,1
"1317",0,0,1
"1318",0,0,1
"1319",0,0,1
"1320",0,0,1
"1321",0,0,1
"1322",0,0,1
"1323",0,0,1
"1324",0,0,1
"1325",0,0,1
"1326",0,0,1
"1327",0,0,1
"1328",0,0,1
"1329",0,0,1
"1330",0,0,1
"1331",0,0,1
"1332",0,0,1
"1333",0,0,1
"1334",0,0,1
"1335",0,0,1
"1336",0,0,1
"1337",0,0,1
"1338",0,0,1
"1339",0,0,1
"1340",0,0,1
"1341",0,0,1
"1342",0,0,1
"1343",0,0,1
"1344",0,0,1
"1345",0,0,1
"1346",0,0,1
"1347",0,0,1
"1348",0,0,1
"1349",0,0,1
"1350",0,0,1
"1351",0,0,1
"1352",0,0,1
"1353",0,0,1
"1354",0,0,1
"1355",0,0,1
"1356",0,0,1
"1357",0,0,1
"1358",0,0,1
"1359",0,0,1
"1360",0,0,1
"1361",0,0,1
"1362",0,0,1
"1363",0,0,1
"1364",0,0,1
"1365",0,0,1
"1366",0,0,1
"1367",0,0,1
"1368",0,0,1
"1369",0,0,1
"1370",0,0,1
"1371",0,0,1
"1372",0,0,1
"1373",0,0,1
"1374",0,0,1
"1375",0,0,1
"1376",0,0,1
"1377",0,0,1
"1378",0,0,1
"1379",0,0,1
"1380",0,0,1
"1381",0,0,1
"1382",0,0,1
"1383",0,0,1
"1384",0,0,1
"1385",0,0,1
"1386",0,0,1
"1387",0,0,1
"1388",0,0,1
"1389",0,0,1
"1390",0,0,1
"1391",0,0,1
"1392",0,0,1
"1393",0,0,1
"1394",0,0,1
"1395",0,0,1
"1396",0,0,1
"1397",0,0,1
"1398",0,0,1
"1399",0,0,1
"1400",0,0,1
"1401",0,0,1
"1402",0,0,1
"1403",0,0,1
"1404",0,0,1
"1405",0,0,1
"1406",0,0,1
"1407",0,0,1
"1408",0,0,1
"1409",0,0,1
"1410",0,0,1
"1411",0,0,1
"1412",0,0,1
"1413",0,0,1
"1414",0,0,1
"1415",0,0,1
"1416",0,0,1
"1417",0,0,1
"1418",0,0,1
"1419",0,0,1
"1420",0,0,1
"1421",0,0,1
"1422",0,0,1
"1423",0,0,1
"1424",0,0,1
"1425",0,0,1
"1426",0,0,1
"1427",0,0,1
"1428",0,0,1
"1429",0,0,1
"1430",0,0,1
"1431",0,0,1
"1432",0,0,1
"1433",0,0,1
"1434",0,0,1
"1435",0,0,1
"1436",0,0,1
"1437",0,0,1
"1438",0,0,1
"1439",0,0,1
"1440",0,0,1
"1441",0,0,1
"1442",0,0,1
"1443",0,0,1
"1444",0,0,1
"1445",0,0,1
"1446",0,0,1
"1447",0,0,1
"1448",0,0,1
"1449",0,0,1
"1450",0,0,1
"1451",0,0,1
"1452",0,0,1
"1453",0,0,1
"1454",0,0,1
"1455",0,0,1
"1456",0,0,1
"1457",0,0,1
"1458",0,0,1
"1459",0,0,1
"1460",0,0,1
"1461",0,0,1
"1462",0,0,1
"1463",0,0,1
"1464",0,0,1
"1465",0,0,1
"1466",0,0,1
"1467",0,0,1
"1468",0,0,1
"1469",0,0,1
"1470",0,0,1
"1471",0,0,1
"1472",0,0,1
"1473",0,0,1
"1474",0,0,1
"1475",0,0,1
"1476",0,0,1
"1477",0,0,1
"1478",0,0,1
"1479",0,0,1
"1480",0,0,1
"1481",0,0,1
"1482",0,0,1
"1483",0,0,1
"1484",0,0,1
"1485",0,0,1
"1486",0,0,1
"1487",0,0,1
"1488",0,0,1
"1489",0,0,1
"1490",0,0,1
"1491",0,0,1
"1492",0,0,1
"1493",0,0,1
"1494",0,0,1
"1495",0,0,1
"1496",0,0,1
"1497",0,0,1
"1498",0,0,1
"1499",0,0,1
"1500",0,0,1
"1501",0,0,1
"1502",0,0,1
"1503",0,0,1
"1504",0,0,1
"1505",0,0,1
"1506",0,0,1
"1507",0,0,1
"1508",0,0,1
"1509",0,0,1
"1510",0,0,1
"1511",0,0,1
"1512",0,0,1
"1513",0,0,1
"1514",0,0,1
"1515",0,0,1
"1516",0,0,1
"1517",0,0,1
"1518",0,0,1
"1519",0,0,1
"1520",0,0,1
"1521",0,0,1
"1522",0,0,1
"1523",0,0,1
"1524",0,0,1
"1525",0,0,1
"1526",0,0,1
"1527",0,0,1
"1528",0,0,1
"1529",0,0,1
"1530",0,0,1
"1531",0,0,1
"1532",0,0,1
"1533",0,0,1
"1534",0,0,1
"1535",0,0,1
"1536",0,0,1
"1537",0,0,1
"1538",0,0,1
"1539",0,0,1
"1540",0,0,1
"1541",0,0,1
"1542",0,0,1
"1543",0,0,1
"1544",0,0,1
"1545",0,0,1
"1546",0,0,1
"1547",0,0,1
"1548",0,0,1
"1549",0,0,1
"1550",0,0,1
"1551",0,0,1
"1552",0,0,1
"1553",0,0,1
"1554",0,0,1
"1555",0,0,1
"1556",0,0,1
"1557",0,0,1
"1558",0,0,1
"1559",0,0,1
"1560",0,0,1
"1561",0,0,1
"1562",0,0,1
"1563",0,0,1
"1564",0,0,1
"1565",0,0,1
"1566",0,0,1
"1567",0,0,1
"1568",0,0,1
"1569",0,0,1
"1570",0,0,1
"1571",0,0,1
"1572",0,0,1
"1573",0,0,1
"1574",0,0,1
"1575",0,0,1
"1576",0,0,1
"1577",0,0,1
"1578",0,0,1
"1579",0,0,1
"1580",0,0,1
"1581",0,0,1
"1582",0,0,1
"1583",0,0,1
"1584",0,0,1
"1585",0,0,1
"1586",0,0,1
"1587",0,0,1
"1588",0,0,1
"1589",0,0,1
"1590",0,0,1
"1591",0,0,1
"1592",0,0,1
"1593",0,0,1
"1594",0,0,1
"1595",0,0,1
"1596",0,0,1
"1597",0,0,1
"1598",0,0,1
"1599",0,0,1
"1600",0,0,1
"1601",0,0,1
"1602",0,0,1
"1603",0,0,1
"1604",0,0,1
"1605",0,0,1
"1606",0,0,1
"1607",0,0,1
"1608",0,0,1
"1609",0,0,1
"1610",0,0,1
"1611",0,0,1
"1612",0,0,1
"1613",0,0,1
"1614",0,0,1
"1615",0,0,1
"1616",0,0,1
"1617",0,0,1
"1618",0,0,1
"1619",0,0,1
"1620",0,0,1
"1621",0,0,1
"1622",0,0,1
"1623",0,0,1
"1624",0,0,1
"1625",0,0,1
"1626",0,0,1
"1627",0,0,1
"1628",0,0,1
"1629",0,0,1
"1630",0,0,1
"1631",0,0,1
"1632",0,0,1
"1633",0,0,1
"1634",0,0,1
"1635",0,0,1
"1636",0,0,1
"1637",0,0,1
"1638",0,0,1
"1639",0,0,1
"1640",0,0,1
"1641",0,0,1
"1642",0,0,1
"1643",0,0,1
"1644",0,0,1
"1645",0,0,1
"1646",0,0,1
"1647",0,0,1
"1648",0,0,1
"1649",0,0,1
"1650",0,0,1
"1651",0,0,1
"1652",0,0,1
"1653",0,0,1
"1654",0,0,1
"1655",0,0,1
"1656",0,0,1
"1657",0,0,1
"1658",0,0,1
"1659",0,0,1
"1660",0,0,1
"1661",0,0,1
"1662",0,0,1
"1663",0,0,1
"1664",0,0,1
"1665",0,0,1
"1666",0,0,1
"1667",0,0,1
"1668",0,0,1
"1669",0,0,1
"1670",0,0,1
"1671",0,0,1
"1672",0,0,1
"1673",0,0,1
"1674",0,0,1
"1675",0,0,1
"1676",0,0,1
"1677",0,0,1
"1678",0,0,1
"1679",0,0,1
"1680",0,0,1
"1681",0,0,1
"1682",0,0,1
"1683",0,0,1
"1684",0,0,1
"1685",0,0,1
"1686",0,0,1
"1687",0,0,1
"1688",0,0,1
"1689",0,0,1
"1690",0,0,1
"1691",0,0,1
"1692",0,0,1
"1693",0,0,1
"1694",0,0,1
"1695",0,0,1
"1696",0,0,1
"1697",0,0,1
"1698",0,0,1
"1699",0,0,1
"1700",0,0,1
"1701",0,0,1
"1702",0,0,1
"1703",0,0,1
"1704",0,0,1
"1705",0,0,1
"1706",0,0,1
"1707",0,0,1
"1708",0,0,1
"1709",0,0,1
"1710",0,0,1
"1711",0,0,1
"1712",0,0,1
"1713",0,0,1
"1714",0,0,1
"1715",0,0,1
"1716",0,0,1
"1717",0,0,1
"1718",0,0,1
"1719",0,0,1
"1720",0,0,1
"1721",0,0,1
"1722",0,0,1
"1723",0,0,1
"1724",0,0,1
"1725",0,0,1
"1726",0,0,1
"1727",0,0,1
"1728",0,0,1
"1729",0,0,1
"1730",0,0,1
"1731",0,0,1
"1732",0,0,1
"1733",0,0,1
"1734",0,0,1
"1735",0,0,1
"1736",0,0,1
"1737",0,0,1
"1738",0,0,1
"1739",0,0,1
"1740",0,0,1
"1741",0,0,1
"1742",0,0,1
"1743",0,0,1
"1744",0,0,1
"1745",0,0,1
"1746",0,0,1
"1747",0,0,1
"1748",0,0,1
"1749",0,0,1
"1750",0,0,1
"1751",0,0,1
"1752",0,0,1
"1753",0,0,1
"1754",0,0,1
"1755",0,0,1
"1756",0,0,1
"1757",0,0,1
"1758",0,0,1
"1759",0,0,1
"1760",0,0,1
"1761",0,0,1
"1762",0,0,1
"1763",0,0,1
"1764",0,0,1
"1765",0,0,1
"1766",0,0,1
"1767",0,0,1
"1768",0,0,1
"1769",0,0,1
"1770",0,0,1
"1771",0,0,1
"1772",0,0,1
"1773",0,0,1
"1774",0,0,1
"1775",0,0,1
"1776",0,0,1
"1777",0,0,1
"1778",0,0,1
"1779",0,0,1
"1780",0,0,1
"1781",0,0,1
"1782",0,0,1
"1783",0,0,1
"1784",0,0,1
"1785",0,0,1
"1786",0,0,1
"1787",0,0,1
"1788",0,0,1
"1789",0,0,1
"1790",0,0,1
"1791",0,0,1
"1792",0,0,1
"1793",0,0,1
"1794",0,0,1
"1795",0,0,1
"1796",0,0,1
"1797",0,0,1
"1798",0,0,1
"1799",0,0,1
"1800",0,0,1
"1801",0,0,1
"1802",0,0,1
"1803",0,0,1
"1804",0,0,1
"1805",0,0,1
"1806",0,0,1
"1807",0,0,1
"1808",0,0,1
"1809",0,0,1
"1810",0,0,1
"1811",0,0,1
"1812",0,0,1
"1813",0,0,1
"1814",0,0,1
"1815",0,0,1
"1816",0,0,1
"1817",0,0,1
"1818",0,0,1
"1819",0,0,1
"1820",0,0,1
"1821",0,0,1
"1822",0,0,1
"1823",0,0,1
"1824",0,0,1
"1825",0,0,1
"1826",0,0,1
"1827",0,0,1
"1828",0,0,1
"1829",0,0,1
"1830",0,0,1
"1831",0,0,1
"1832",0,0,1
"1833",0,0,1
"1834",0,0,1
"1835",0,0,1
"1836",0,0,1
"1837",0,0,1
"1838",0,0,1
"1839",0,0,1
"1840",0,0,1
"1841",0,0,1
"1842",0,0,1
"1843",0,0,1
"1844",0,0,1
"1845",0,0,1
"1846",0,0,1
"1847",0,0,1
"1848",0,0,1
"1849",0,0,1
"1850",0,0,1
"1851",0,0,1
"1852",0,0,1
"1853",0,0,1
"1854",0,0,1
"1855",0,0,1
"1856",0,0,1
"1857",0,0,1
"1858",0,0,1
"1859",0,0,1
"1860",0,0,1
"1861",0,0,1
"1862",0,0,1
"1863",0,0,1
"1864",0,0,1
"1865",0,0,1
"1866",0,0,1
"1867",0,0,1
"1868",0,0,1
"1869",0,0,1
"1870",0,0,1
"1871",0,0,1
"1872",0,0,1
"1873",0,0,1
"1874",0,0,1
"1875",0,0,1
"1876",0,0,1
"1877",0,0,1
"1878",0,0,1
"1879",0,0,1
"1880",0,0,1
"1881",0,0,1
"1882",0,0,1
"1883",0,0,1
"1884",0,0,1
"1885",0,0,1
"1886",0,0,1
"1887",0,0,1
"1888",0,0,1
"1889",0,0,1
"1890",0,0,1
"1891",0,0,1
"1892",0,0,1
"1893",0,0,1
"1894",0,0,1
"1895",0,0,1
"1896",0,0,1
"1897",0,0,1
"1898",0,0,1
"1899",0,0,1
"1900",0,0,1
"1901",0,0,1
"1902",0,0,1
"1903",0,0,1
"1904",0,0,1
"1905",0,0,1
"1906",0,0,1
"1907",0,0,1
"1908",0,0,1
"1909",0,0,1
"1910",0,0,1
"1911",0,0,1
"1912",0,0,1
"1913",0,0,1
"1914",0,0,1
"1915",0,0,1
"1916",0,0,1
"1917",0,0,1
"1918",0,0,1
"1919",0,0,1
"1920",0,0,1
"1921",0,0,1
"1922",0,0,1
"1923",0,0,1
"1924",0,0,1
"1925",0,0,1
"1926",0,0,1
"1927",0,0,1
"1928",0,0,1
"1929",0,0,1
"1930",0,0,1
"1931",0,0,1
"1932",0,0,1
"1933",0,0,1
"1934",0,0,1
"1935",0,0,1
"1936",0,0,1
"1937",0,0,1
"1938",0,0,1
"1939",0,0,1
"1940",0,0,1
"1941",0,0,1
"1942",0,0,1
"1943",0,0,1
"1944",0,0,1
"1945",0,0,1
"1946",0,0,1
"1947",0,0,1
"1948",0,0,1
"1949",0,0,1
"1950",0,0,1
"1951",0,0,1
"1952",0,0,1
"1953",0,0,1
"1954",0,0,1
"1955",0,0,1
"1956",0,0,1
"1957",0,0,1
"1958",0,0,1
"1959",0,0,1
"1960",0,0,1
"1961",0,0,1
"1962",0,0,1
"1963",0,0,1
"1964",0,0,1
"1965",0,0,1
"1966",0,0,1
"1967",0,0,1
"1968",0,0,1
"1969",0,0,1
"1970",0,0,1
"1971",0,0,1
"1972",0,0,1
"1973",0,0,1
"1974",0,0,1
"1975",0,0,1
"1976",0,0,1
"1977",0,0,1
"1978",0,0,1
"1979",0,0,1
"1980",0,0,1
"1981",0,0,1
"1982",0,0,1
"1983",0,0,1
"1984",0,0,1
"1985",0,0,1
"1986",0,0,1
"1987",0,0,1
"1988",0,0,1
"1989",0,0,1
"1990",0,0,1
"1991",0,0,1
"1992",0,0,1
"1993",0,0,1
"1994",0,0,1
"1995",0,0,1
"1996",0,0,1
"1997",0,0,1
"1998",0,0,1
"1999",0,0,1
"2000",0,0,1
"2001",0,0,1
"2002",0,0,1
"2003",0,0,1
"2004",0,0,1
"2005",0,0,1
"2006",0,0,1
"2007",0,0,1
"2008",0,0,1
"2009",0,0,1
"2010",0,0,1
"2011",0,0,1
"2012",0,0,1
"2013",0,0,1
"2014",0,0,1
"2015",0,0,1
"2016",0,0,1
"2017",0,0,1
"2018",0,0,1
"2019",0,0,1
"2020",0,0,1
"2021",0,0,1
"2022",0,0,1
"2023",0,0,1
"2024",0,0,1
"2025",0,0,1
"2026",0,0,1
"2027",0,0,1
